Branch:QSP-BasavanagudiNo,Course,Subject,Amount,Amount(Oneshot),Edit,Delete,Branch,,,
1,(ampus,ManualTesting;SeleniumTool;CoreJava;Database;AndroidTesting,22900,21900,edit,delete,QSP-BasavanagudiRajajinagarOAR(QSP)JSpidersRajajinagarVadapalaniQSPChromepetJSPNoida-QSPIRCVillage(QSP)Basavanagudi(J)OAR(JSP)Hebbal(JSP)Hebbal(QSP)Pune(QSP)Pune(JSP)Mysore(JSP)Mysore(QSP)Noida-JSPS-Btm(Jsp)S-Btm(Qsp)ChromepetQSPTelangana(Jsp)Telangana(Qsp)VadapalaniJSPAndheri(QSP)Andheri(JSP)IRCVillage(JSP)G-Telagana(QSP)G-Telagana(JSP)1Hadapasar(JSP)1Hadapasar(QSP)Ut-Chandigarh(QSP)Ut-Chandigarh(JSP)Wakad(JSP)Wakad(QSP)2Thane(QSP)2Thane(JSP)L-Bhopal(JSP)L-Bhopal(QSP),,,
2,)apgeminitraining,Dotnet.Cap;JavaScF.stack.cap;Automation.Cap;JavaFullstack.Cap;Java.JEE.Cap,0,0,edit,delete,QSP-BasavanagudiRajajinagarOAR(QSP)JSpidersRajajinagarVadapalaniQSPChromepetJSPNoida-QSPIRCVillage(QSP)Basavanagudi(J)OAR(JSP)Hebbal(JSP)Hebbal(QSP)Pune(QSP)Pune(JSP)Mysore(JSP)Mysore(QSP)Noida-JSPS-Btm(Jsp)S-Btm(Qsp)ChromepetQSPTelangana(Jsp)Telangana(Qsp)VadapalaniJSPAndheri(QSP)Andheri(JSP)IRCVillage(JSP)G-Telagana(QSP)G-Telagana(JSP)1Hadapasar(JSP)1Hadapasar(QSP)Ut-Chandigarh(QSP)Ut-Chandigarh(JSP)Wakad(JSP)Wakad(QSP)2Thane(QSP)2Thane(JSP)L-Bhopal(JSP)L-Bhopal(QSP),,,
3,*C/DS,*C/DS,3000,1500,edit,delete,QSP-BasavanagudiRajajinagarOAR(QSP)JSpidersRajajinagarVadapalaniQSPChromepetJSPNoida-QSPIRCVillage(QSP)Basavanagudi(J)OAR(JSP)Hebbal(JSP)Hebbal(QSP)Pune(QSP)Pune(JSP)Mysore(JSP)Mysore(QSP)Noida-JSPS-Btm(Jsp)S-Btm(Qsp)ChromepetQSPTelangana(Jsp)Telangana(Qsp)VadapalaniJSPAndheri(QSP)Andheri(JSP)IRCVillage(JSP)G-Telagana(QSP)G-Telagana(JSP)1Hadapasar(JSP)1Hadapasar(QSP)Ut-Chandigarh(QSP)Ut-Chandigarh(JSP)Wakad(JSP)Wakad(QSP)2Thane(QSP)2Thane(JSP)L-Bhopal(JSP)L-Bhopal(QSP),,,
4,++C,C,++C,C,4100,4100,edit,delete,QSP-BasavanagudiRajajinagarOAR(QSP)JSpidersRajajinagarVadapalaniQSPChromepetJSPNoida-QSPIRCVillage(QSP)Basavanagudi(J)OAR(JSP)Hebbal(JSP)Hebbal(QSP)Pune(QSP)Pune(JSP)Mysore(JSP)Mysore(QSP)Noida-JSPS-Btm(Jsp)S-Btm(Qsp)ChromepetQSPTelangana(Jsp)Telangana(Qsp)VadapalaniJSPAndheri(QSP)Andheri(JSP)IRCVillage(JSP)G-Telagana(QSP)G-Telagana(JSP)1Hadapasar(JSP)1Hadapasar(QSP)Ut-Chandigarh(QSP)Ut-Chandigarh(JSP)Wakad(JSP)Wakad(QSP)2Thane(QSP)2Thane(JSP)L-Bhopal(JSP)L-Bhopal(QSP),
5,4-PythonFullStack,Database;WebTechnologies;Ython;FlaskPython;Django,28950,27950,edit,delete,QSP-BasavanagudiRajajinagarOAR(QSP)JSpidersRajajinagarVadapalaniQSPChromepetJSPNoida-QSPIRCVillage(QSP)Basavanagudi(J)OAR(JSP)Hebbal(JSP)Hebbal(QSP)Pune(QSP)Pune(JSP)Mysore(JSP)Mysore(QSP)Noida-JSPS-Btm(Jsp)S-Btm(Qsp)ChromepetQSPTelangana(Jsp)Telangana(Qsp)VadapalaniJSPAndheri(QSP)Andheri(JSP)IRCVillage(JSP)G-Telagana(QSP)G-Telagana(JSP)1Hadapasar(JSP)1Hadapasar(QSP)Ut-Chandigarh(QSP)Ut-Chandigarh(JSP)Wakad(JSP)Wakad(QSP)2Thane(QSP)2Thane(JSP)L-Bhopal(JSP)L-Bhopal(QSP),,,
6,AdvanceManualTesting,ManualTestingAdvance,10000,10000,edit,delete,QSP-BasavanagudiRajajinagarOAR(QSP)JSpidersRajajinagarVadapalaniQSPChromepetJSPNoida-QSPIRCVillage(QSP)Basavanagudi(J)OAR(JSP)Hebbal(JSP)Hebbal(QSP)Pune(QSP)Pune(JSP)Mysore(JSP)Mysore(QSP)Noida-JSPS-Btm(Jsp)S-Btm(Qsp)ChromepetQSPTelangana(Jsp)Telangana(Qsp)VadapalaniJSPAndheri(QSP)Andheri(JSP)IRCVillage(JSP)G-Telagana(QSP)G-Telagana(JSP)1Hadapasar(JSP)1Hadapasar(QSP)Ut-Chandigarh(QSP)Ut-Chandigarh(JSP)Wakad(JSP)Wakad(QSP)2Thane(QSP)2Thane(JSP)L-Bhopal(JSP)L-Bhopal(QSP),,,
7,AdvanceQTP,QTPAdvance,15000,15000,edit,delete,QSP-BasavanagudiRajajinagarOAR(QSP)JSpidersRajajinagarVadapalaniQSPChromepetJSPNoida-QSPIRCVillage(QSP)Basavanagudi(J)OAR(JSP)Hebbal(JSP)Hebbal(QSP)Pune(QSP)Pune(JSP)Mysore(JSP)Mysore(QSP)Noida-JSPS-Btm(Jsp)S-Btm(Qsp)ChromepetQSPTelangana(Jsp)Telangana(Qsp)VadapalaniJSPAndheri(QSP)Andheri(JSP)IRCVillage(JSP)G-Telagana(QSP)G-Telagana(JSP)1Hadapasar(JSP)1Hadapasar(QSP)Ut-Chandigarh(QSP)Ut-Chandigarh(JSP)Wakad(JSP)Wakad(QSP)2Thane(QSP)2Thane(JSP)L-Bhopal(JSP)L-Bhopal(QSP),,,
8,AdvanceSelenium,SeleniumAdvance;AdvanceJava,15000,15000,edit,delete,QSP-BasavanagudiRajajinagarOAR(QSP)JSpidersRajajinagarVadapalaniQSPChromepetJSPNoida-QSPIRCVillage(QSP)Basavanagudi(J)OAR(JSP)Hebbal(JSP)Hebbal(QSP)Pune(QSP)Pune(JSP)Mysore(JSP)Mysore(QSP)Noida-JSPS-Btm(Jsp)S-Btm(Qsp)ChromepetQSPTelangana(Jsp)Telangana(Qsp)VadapalaniJSPAndheri(QSP)Andheri(JSP)IRCVillage(JSP)G-Telagana(QSP)G-Telagana(JSP)1Hadapasar(JSP)1Hadapasar(QSP)Ut-Chandigarh(QSP)Ut-Chandigarh(JSP)Wakad(JSP)Wakad(QSP)2Thane(QSP)2Thane(JSP)L-Bhopal(JSP)L-Bhopal(QSP),,,
9,Android-Development,AndroidDevelopment,6100,6100,edit,delete,QSP-BasavanagudiRajajinagarOAR(QSP)JSpidersRajajinagarVadapalaniQSPChromepetJSPNoida-QSPIRCVillage(QSP)Basavanagudi(J)OAR(JSP)Hebbal(JSP)Hebbal(QSP)Pune(QSP)Pune(JSP)Mysore(JSP)Mysore(QSP)Noida-JSPS-Btm(Jsp)S-Btm(Qsp)ChromepetQSPTelangana(Jsp)Telangana(Qsp)VadapalaniJSPAndheri(QSP)Andheri(JSP)IRCVillage(JSP)G-Telagana(QSP)G-Telagana(JSP)1Hadapasar(JSP)1Hadapasar(QSP)Ut-Chandigarh(QSP)Ut-Chandigarh(JSP)Wakad(JSP)Wakad(QSP)2Thane(QSP)2Thane(JSP)L-Bhopal(JSP)L-Bhopal(QSP),,,
10,Aptitude,Aptitude,1850,1850,edit,delete,QSP-BasavanagudiRajajinagarOAR(QSP)JSpidersRajajinagarVadapalaniQSPChromepetJSPNoida-QSPIRCVillage(QSP)Basavanagudi(J)OAR(JSP)Hebbal(JSP)Hebbal(QSP)Pune(QSP)Pune(JSP)Mysore(JSP)Mysore(QSP)Noida-JSPS-Btm(Jsp)S-Btm(Qsp)ChromepetQSPTelangana(Jsp)Telangana(Qsp)VadapalaniJSPAndheri(QSP)Andheri(JSP)IRCVillage(JSP)G-Telagana(QSP)G-Telagana(JSP)1Hadapasar(JSP)1Hadapasar(QSP)Ut-Chandigarh(QSP)Ut-Chandigarh(JSP)Wakad(JSP)Wakad(QSP)2Thane(QSP)2Thane(JSP)L-Bhopal(JSP)L-Bhopal(QSP),,,
11,BigdataHadoop,CoreJava;BigdataHadoop,20000,20000,edit,delete,QSP-BasavanagudiRajajinagarOAR(QSP)JSpidersRajajinagarVadapalaniQSPChromepetJSPNoida-QSPIRCVillage(QSP)Basavanagudi(J)OAR(JSP)Hebbal(JSP)Hebbal(QSP)Pune(QSP)Pune(JSP)Mysore(JSP)Mysore(QSP)Noida-JSPS-Btm(Jsp)S-Btm(Qsp)ChromepetQSPTelangana(Jsp)Telangana(Qsp)VadapalaniJSPAndheri(QSP)Andheri(JSP)IRCVillage(JSP)G-Telagana(QSP)G-Telagana(JSP)1Hadapasar(JSP)1Hadapasar(QSP)Ut-Chandigarh(QSP)Ut-Chandigarh(JSP)Wakad(JSP)Wakad(QSP)2Thane(QSP)2Thane(JSP)L-Bhopal(JSP)L-Bhopal(QSP),,,
12,ClassicQTP,ManualTesting;QTP;Database;QualityCenter;AgileMethodology,23950,22950,edit,delete,QSP-BasavanagudiRajajinagarOAR(QSP)JSpidersRajajinagarVadapalaniQSPChromepetJSPNoida-QSPIRCVillage(QSP)Basavanagudi(J)OAR(JSP)Hebbal(JSP)Hebbal(QSP)Pune(QSP)Pune(JSP)Mysore(JSP)Mysore(QSP)Noida-JSPS-Btm(Jsp)S-Btm(Qsp)ChromepetQSPTelangana(Jsp)Telangana(Qsp)VadapalaniJSPAndheri(QSP)Andheri(JSP)IRCVillage(JSP)G-Telagana(QSP)G-Telagana(JSP)1Hadapasar(JSP)1Hadapasar(QSP)Ut-Chandigarh(QSP)Ut-Chandigarh(JSP)Wakad(JSP)Wakad(QSP)2Thane(QSP)2Thane(JSP)L-Bhopal(JSP)L-Bhopal(QSP),,,
13,ClassicSelenium,ManualTesting;SeleniumTool;CoreJava;Database;QualityCenter;AgileMethodology;Grooming,28950,27950,edit,delete,QSP-BasavanagudiRajajinagarOAR(QSP)JSpidersRajajinagarVadapalaniQSPChromepetJSPNoida-QSPIRCVillage(QSP)Basavanagudi(J)OAR(JSP)Hebbal(JSP)Hebbal(QSP)Pune(QSP)Pune(JSP)Mysore(JSP)Mysore(QSP)Noida-JSPS-Btm(Jsp)S-Btm(Qsp)ChromepetQSPTelangana(Jsp)Telangana(Qsp)VadapalaniJSPAndheri(QSP)Andheri(JSP)IRCVillage(JSP)G-Telagana(QSP)G-Telagana(JSP)1Hadapasar(JSP)1Hadapasar(QSP)Ut-Chandigarh(QSP)Ut-Chandigarh(JSP)Wakad(JSP)Wakad(QSP)2Thane(QSP)2Thane(JSP)L-Bhopal(JSP)L-Bhopal(QSP),,,
14,Cucumber,Cucumber,3400,3400,edit,delete,QSP-BasavanagudiRajajinagarOAR(QSP)JSpidersRajajinagarVadapalaniQSPChromepetJSPNoida-QSPIRCVillage(QSP)Basavanagudi(J)OAR(JSP)Hebbal(JSP)Hebbal(QSP)Pune(QSP)Pune(JSP)Mysore(JSP)Mysore(QSP)Noida-JSPS-Btm(Jsp)S-Btm(Qsp)ChromepetQSPTelangana(Jsp)Telangana(Qsp)VadapalaniJSPAndheri(QSP)Andheri(JSP)IRCVillage(JSP)G-Telagana(QSP)G-Telagana(JSP)1Hadapasar(JSP)1Hadapasar(QSP)Ut-Chandigarh(QSP)Ut-Chandigarh(JSP)Wakad(JSP)Wakad(QSP)2Thane(QSP)2Thane(JSP)L-Bhopal(JSP)L-Bhopal(QSP),,,
15,DataSciencePython,Ython-dev;DataScience,28950,27950,edit,delete,QSP-BasavanagudiRajajinagarOAR(QSP)JSpidersRajajinagarVadapalaniQSPChromepetJSPNoida-QSPIRCVillage(QSP)Basavanagudi(J)OAR(JSP)Hebbal(JSP)Hebbal(QSP)Pune(QSP)Pune(JSP)Mysore(JSP)Mysore(QSP)Noida-JSPS-Btm(Jsp)S-Btm(Qsp)ChromepetQSPTelangana(Jsp)Telangana(Qsp)VadapalaniJSPAndheri(QSP)Andheri(JSP)IRCVillage(JSP)G-Telagana(QSP)G-Telagana(JSP)1Hadapasar(JSP)1Hadapasar(QSP)Ut-Chandigarh(QSP)Ut-Chandigarh(JSP)Wakad(JSP)Wakad(QSP)2Thane(QSP)2Thane(JSP)L-Bhopal(JSP)L-Bhopal(QSP),,,
16,DevelopmentinJavaApplication(JAD),CoreJava;Database,13600,13600,edit,delete,QSP-BasavanagudiRajajinagarOAR(QSP)JSpidersRajajinagarVadapalaniQSPChromepetJSPNoida-QSPIRCVillage(QSP)Basavanagudi(J)OAR(JSP)Hebbal(JSP)Hebbal(QSP)Pune(QSP)Pune(JSP)Mysore(JSP)Mysore(QSP)Noida-JSPS-Btm(Jsp)S-Btm(Qsp)ChromepetQSPTelangana(Jsp)Telangana(Qsp)VadapalaniJSPAndheri(QSP)Andheri(JSP)IRCVillage(JSP)G-Telagana(QSP)G-Telagana(JSP)1Hadapasar(JSP)1Hadapasar(QSP)Ut-Chandigarh(QSP)Ut-Chandigarh(JSP)Wakad(JSP)Wakad(QSP)2Thane(QSP)2Thane(JSP)L-Bhopal(JSP)L-Bhopal(QSP),,,
17,EnterpriseApplicationDevelopment,CoreJava;Database;J2EE;WebTechnologies;Hibernate-Framework;Spring-Framework;HTML,28950,27950,edit,delete,QSP-BasavanagudiRajajinagarOAR(QSP)JSpidersRajajinagarVadapalaniQSPChromepetJSPNoida-QSPIRCVillage(QSP)Basavanagudi(J)OAR(JSP)Hebbal(JSP)Hebbal(QSP)Pune(QSP)Pune(JSP)Mysore(JSP)Mysore(QSP)Noida-JSPS-Btm(Jsp)S-Btm(Qsp)ChromepetQSPTelangana(Jsp)Telangana(Qsp)VadapalaniJSPAndheri(QSP)Andheri(JSP)IRCVillage(JSP)G-Telagana(QSP)G-Telagana(JSP)1Hadapasar(JSP)1Hadapasar(QSP)Ut-Chandigarh(QSP)Ut-Chandigarh(JSP)Wakad(JSP)Wakad(QSP)2Thane(QSP)2Thane(JSP)L-Bhopal(JSP)L-Bhopal(QSP),,,
18,FullClassicPackage,ManualTesting;SeleniumTool;CoreJava;QTP;Database;QualityCenter;AgileMethodology,27000,25000,edit,delete,QSP-BasavanagudiRajajinagarOAR(QSP)JSpidersRajajinagarVadapalaniQSPChromepetJSPNoida-QSPIRCVillage(QSP)Basavanagudi(J)OAR(JSP)Hebbal(JSP)Hebbal(QSP)Pune(QSP)Pune(JSP)Mysore(JSP)Mysore(QSP)Noida-JSPS-Btm(Jsp)S-Btm(Qsp)ChromepetQSPTelangana(Jsp)Telangana(Qsp)VadapalaniJSPAndheri(QSP)Andheri(JSP)IRCVillage(JSP)G-Telagana(QSP)G-Telagana(JSP)1Hadapasar(JSP)1Hadapasar(QSP)Ut-Chandigarh(QSP)Ut-Chandigarh(JSP)Wakad(JSP)Wakad(QSP)2Thane(QSP)2Thane(JSP)L-Bhopal(JSP)L-Bhopal(QSP),,,
19,HPTools,QTP;LoadRunner,16500,16500,edit,delete,QSP-BasavanagudiRajajinagarOAR(QSP)JSpidersRajajinagarVadapalaniQSPChromepetJSPNoida-QSPIRCVillage(QSP)Basavanagudi(J)OAR(JSP)Hebbal(JSP)Hebbal(QSP)Pune(QSP)Pune(JSP)Mysore(JSP)Mysore(QSP)Noida-JSPS-Btm(Jsp)S-Btm(Qsp)ChromepetQSPTelangana(Jsp)Telangana(Qsp)VadapalaniJSPAndheri(QSP)Andheri(JSP)IRCVillage(JSP)G-Telagana(QSP)G-Telagana(JSP)1Hadapasar(JSP)1Hadapasar(QSP)Ut-Chandigarh(QSP)Ut-Chandigarh(JSP)Wakad(JSP)Wakad(QSP)2Thane(QSP)2Thane(JSP)L-Bhopal(JSP)L-Bhopal(QSP),,,
20,Internproject,ProjectIntern,4500,4500,edit,delete,QSP-BasavanagudiRajajinagarOAR(QSP)JSpidersRajajinagarVadapalaniQSPChromepetJSPNoida-QSPIRCVillage(QSP)Basavanagudi(J)OAR(JSP)Hebbal(JSP)Hebbal(QSP)Pune(QSP)Pune(JSP)Mysore(JSP)Mysore(QSP)Noida-JSPS-Btm(Jsp)S-Btm(Qsp)ChromepetQSPTelangana(Jsp)Telangana(Qsp)VadapalaniJSPAndheri(QSP)Andheri(JSP)IRCVillage(JSP)G-Telagana(QSP)G-Telagana(JSP)1Hadapasar(JSP)1Hadapasar(QSP)Ut-Chandigarh(QSP)Ut-Chandigarh(JSP)Wakad(JSP)Wakad(QSP)2Thane(QSP)2Thane(JSP)L-Bhopal(JSP)L-Bhopal(QSP),,,
21,ISTQB,ISTQB,6100,6100,edit,delete,QSP-BasavanagudiRajajinagarOAR(QSP)JSpidersRajajinagarVadapalaniQSPChromepetJSPNoida-QSPIRCVillage(QSP)Basavanagudi(J)OAR(JSP)Hebbal(JSP)Hebbal(QSP)Pune(QSP)Pune(JSP)Mysore(JSP)Mysore(QSP)Noida-JSPS-Btm(Jsp)S-Btm(Qsp)ChromepetQSPTelangana(Jsp)Telangana(Qsp)VadapalaniJSPAndheri(QSP)Andheri(JSP)IRCVillage(JSP)G-Telagana(QSP)G-Telagana(JSP)1Hadapasar(JSP)1Hadapasar(QSP)Ut-Chandigarh(QSP)Ut-Chandigarh(JSP)Wakad(JSP)Wakad(QSP)2Thane(QSP)2Thane(JSP)L-Bhopal(JSP)L-Bhopal(QSP),,,
22,JavaClassic,CoreJava;Database;J2EE;WebTechnologies;AndroidDevelopment;Hibernate-Framework;Spring-Framework;HTML,24300,22900,edit,delete,QSP-BasavanagudiRajajinagarOAR(QSP)JSpidersRajajinagarVadapalaniQSPChromepetJSPNoida-QSPIRCVillage(QSP)Basavanagudi(J)OAR(JSP)Hebbal(JSP)Hebbal(QSP)Pune(QSP)Pune(JSP)Mysore(JSP)Mysore(QSP)Noida-JSPS-Btm(Jsp)S-Btm(Qsp)ChromepetQSPTelangana(Jsp)Telangana(Qsp)VadapalaniJSPAndheri(QSP)Andheri(JSP)IRCVillage(JSP)G-Telagana(QSP)G-Telagana(JSP)1Hadapasar(JSP)1Hadapasar(QSP)Ut-Chandigarh(QSP)Ut-Chandigarh(JSP)Wakad(JSP)Wakad(QSP)2Thane(QSP)2Thane(JSP)L-Bhopal(JSP)L-Bhopal(QSP),,,
23,JavaProject,ProjectJava,8000,1500,edit,delete,QSP-BasavanagudiRajajinagarOAR(QSP)JSpidersRajajinagarVadapalaniQSPChromepetJSPNoida-QSPIRCVillage(QSP)Basavanagudi(J)OAR(JSP)Hebbal(JSP)Hebbal(QSP)Pune(QSP)Pune(JSP)Mysore(JSP)Mysore(QSP)Noida-JSPS-Btm(Jsp)S-Btm(Qsp)ChromepetQSPTelangana(Jsp)Telangana(Qsp)VadapalaniJSPAndheri(QSP)Andheri(JSP)IRCVillage(JSP)G-Telagana(QSP)G-Telagana(JSP)1Hadapasar(JSP)1Hadapasar(QSP)Ut-Chandigarh(QSP)Ut-Chandigarh(JSP)Wakad(JSP)Wakad(QSP)2Thane(QSP)2Thane(JSP)L-Bhopal(JSP)L-Bhopal(QSP),,,
24,LoadTest,LoadRunner;Jmeter,16900,16900,edit,delete,QSP-BasavanagudiRajajinagarOAR(QSP)JSpidersRajajinagarVadapalaniQSPChromepetJSPNoida-QSPIRCVillage(QSP)Basavanagudi(J)OAR(JSP)Hebbal(JSP)Hebbal(QSP)Pune(QSP)Pune(JSP)Mysore(JSP)Mysore(QSP)Noida-JSPS-Btm(Jsp)S-Btm(Qsp)ChromepetQSPTelangana(Jsp)Telangana(Qsp)VadapalaniJSPAndheri(QSP)Andheri(JSP)IRCVillage(JSP)G-Telagana(QSP)G-Telagana(JSP)1Hadapasar(JSP)1Hadapasar(QSP)Ut-Chandigarh(QSP)Ut-Chandigarh(JSP)Wakad(JSP)Wakad(QSP)2Thane(QSP)2Thane(JSP)L-Bhopal(JSP)L-Bhopal(QSP),,,
25,MobiePackage,ManualMobileApplication;AutomationMobileApplication,400,400,edit,delete,QSP-BasavanagudiRajajinagarOAR(QSP)JSpidersRajajinagarVadapalaniQSPChromepetJSPNoida-QSPIRCVillage(QSP)Basavanagudi(J)OAR(JSP)Hebbal(JSP)Hebbal(QSP)Pune(QSP)Pune(JSP)Mysore(JSP)Mysore(QSP)Noida-JSPS-Btm(Jsp)S-Btm(Qsp)ChromepetQSPTelangana(Jsp)Telangana(Qsp)VadapalaniJSPAndheri(QSP)Andheri(JSP)IRCVillage(JSP)G-Telagana(QSP)G-Telagana(JSP)1Hadapasar(JSP)1Hadapasar(QSP)Ut-Chandigarh(QSP)Ut-Chandigarh(JSP)Wakad(JSP)Wakad(QSP)2Thane(QSP)2Thane(JSP)L-Bhopal(JSP)L-Bhopal(QSP),,,
26,MobileApplicationDevelopment,CoreJava;Database;AndroidDevelopment,17600,17600,edit,delete,QSP-BasavanagudiRajajinagarOAR(QSP)JSpidersRajajinagarVadapalaniQSPChromepetJSPNoida-QSPIRCVillage(QSP)Basavanagudi(J)OAR(JSP)Hebbal(JSP)Hebbal(QSP)Pune(QSP)Pune(JSP)Mysore(JSP)Mysore(QSP)Noida-JSPS-Btm(Jsp)S-Btm(Qsp)ChromepetQSPTelangana(Jsp)Telangana(Qsp)VadapalaniJSPAndheri(QSP)Andheri(JSP)IRCVillage(JSP)G-Telagana(QSP)G-Telagana(JSP)1Hadapasar(JSP)1Hadapasar(QSP)Ut-Chandigarh(QSP)Ut-Chandigarh(JSP)Wakad(JSP)Wakad(QSP)2Thane(QSP)2Thane(JSP)L-Bhopal(JSP)L-Bhopal(QSP),,,
27,N-Unix,N-Unix,5000,5000,edit,delete,QSP-BasavanagudiRajajinagarOAR(QSP)JSpidersRajajinagarVadapalaniQSPChromepetJSPNoida-QSPIRCVillage(QSP)Basavanagudi(J)OAR(JSP)Hebbal(JSP)Hebbal(QSP)Pune(QSP)Pune(JSP)Mysore(JSP)Mysore(QSP)Noida-JSPS-Btm(Jsp)S-Btm(Qsp)ChromepetQSPTelangana(Jsp)Telangana(Qsp)VadapalaniJSPAndheri(QSP)Andheri(JSP)IRCVillage(JSP)G-Telagana(QSP)G-Telagana(JSP)1Hadapasar(JSP)1Hadapasar(QSP)Ut-Chandigarh(QSP)Ut-Chandigarh(JSP)Wakad(JSP)Wakad(QSP)2Thane(QSP)2Thane(JSP)L-Bhopal(JSP)L-Bhopal(QSP),,,
28,O-ETLTesting,Database;ETLTesting,8000,8000,edit,delete,QSP-BasavanagudiRajajinagarOAR(QSP)JSpidersRajajinagarVadapalaniQSPChromepetJSPNoida-QSPIRCVillage(QSP)Basavanagudi(J)OAR(JSP)Hebbal(JSP)Hebbal(QSP)Pune(QSP)Pune(JSP)Mysore(JSP)Mysore(QSP)Noida-JSPS-Btm(Jsp)S-Btm(Qsp)ChromepetQSPTelangana(Jsp)Telangana(Qsp)VadapalaniJSPAndheri(QSP)Andheri(JSP)IRCVillage(JSP)G-Telagana(QSP)G-Telagana(JSP)1Hadapasar(JSP)1Hadapasar(QSP)Ut-Chandigarh(QSP)Ut-Chandigarh(JSP)Wakad(JSP)Wakad(QSP)2Thane(QSP)2Thane(JSP)L-Bhopal(JSP)L-Bhopal(QSP),,,
29,Pitesting(Api),Apitesting,4500,4500,edit,delete,QSP-BasavanagudiRajajinagarOAR(QSP)JSpidersRajajinagarVadapalaniQSPChromepetJSPNoida-QSPIRCVillage(QSP)Basavanagudi(J)OAR(JSP)Hebbal(JSP)Hebbal(QSP)Pune(QSP)Pune(JSP)Mysore(JSP)Mysore(QSP)Noida-JSPS-Btm(Jsp)S-Btm(Qsp)ChromepetQSPTelangana(Jsp)Telangana(Qsp)VadapalaniJSPAndheri(QSP)Andheri(JSP)IRCVillage(JSP)G-Telagana(QSP)G-Telagana(JSP)1Hadapasar(JSP)1Hadapasar(QSP)Ut-Chandigarh(QSP)Ut-Chandigarh(JSP)Wakad(JSP)Wakad(QSP)2Thane(QSP)2Thane(JSP)L-Bhopal(JSP)L-Bhopal(QSP),,,
30,Project,ERP;CRM,2900,2900,edit,delete,QSP-BasavanagudiRajajinagarOAR(QSP)JSpidersRajajinagarVadapalaniQSPChromepetJSPNoida-QSPIRCVillage(QSP)Basavanagudi(J)OAR(JSP)Hebbal(JSP)Hebbal(QSP)Pune(QSP)Pune(JSP)Mysore(JSP)Mysore(QSP)Noida-JSPS-Btm(Jsp)S-Btm(Qsp)ChromepetQSPTelangana(Jsp)Telangana(Qsp)VadapalaniJSPAndheri(QSP)Andheri(JSP)IRCVillage(JSP)G-Telagana(QSP)G-Telagana(JSP)1Hadapasar(JSP)1Hadapasar(QSP)Ut-Chandigarh(QSP)Ut-Chandigarh(JSP)Wakad(JSP)Wakad(QSP)2Thane(QSP)2Thane(JSP)L-Bhopal(JSP)L-Bhopal(QSP),,,
31,Python,Ython-Selenium;Ython,15950,15950,edit,delete,QSP-BasavanagudiRajajinagarOAR(QSP)JSpidersRajajinagarVadapalaniQSPChromepetJSPNoida-QSPIRCVillage(QSP)Basavanagudi(J)OAR(JSP)Hebbal(JSP)Hebbal(QSP)Pune(QSP)Pune(JSP)Mysore(JSP)Mysore(QSP)Noida-JSPS-Btm(Jsp)S-Btm(Qsp)ChromepetQSPTelangana(Jsp)Telangana(Qsp)VadapalaniJSPAndheri(QSP)Andheri(JSP)IRCVillage(JSP)G-Telagana(QSP)G-Telagana(JSP)1Hadapasar(JSP)1Hadapasar(QSP)Ut-Chandigarh(QSP)Ut-Chandigarh(JSP)Wakad(JSP)Wakad(QSP)2Thane(QSP)2Thane(JSP)L-Bhopal(JSP)L-Bhopal(QSP),,,
32,Python.dev,Ython-dev,28950,27950,edit,delete,QSP-BasavanagudiRajajinagarOAR(QSP)JSpidersRajajinagarVadapalaniQSPChromepetJSPNoida-QSPIRCVillage(QSP)Basavanagudi(J)OAR(JSP)Hebbal(JSP)Hebbal(QSP)Pune(QSP)Pune(JSP)Mysore(JSP)Mysore(QSP)Noida-JSPS-Btm(Jsp)S-Btm(Qsp)ChromepetQSPTelangana(Jsp)Telangana(Qsp)VadapalaniJSPAndheri(QSP)Andheri(JSP)IRCVillage(JSP)G-Telagana(QSP)G-Telagana(JSP)1Hadapasar(JSP)1Hadapasar(QSP)Ut-Chandigarh(QSP)Ut-Chandigarh(JSP)Wakad(JSP)Wakad(QSP)2Thane(QSP)2Thane(JSP)L-Bhopal(JSP)L-Bhopal(QSP),,,
33,QTPExpert,QTP,11600,11100,edit,delete,QSP-BasavanagudiRajajinagarOAR(QSP)JSpidersRajajinagarVadapalaniQSPChromepetJSPNoida-QSPIRCVillage(QSP)Basavanagudi(J)OAR(JSP)Hebbal(JSP)Hebbal(QSP)Pune(QSP)Pune(JSP)Mysore(JSP)Mysore(QSP)Noida-JSPS-Btm(Jsp)S-Btm(Qsp)ChromepetQSPTelangana(Jsp)Telangana(Qsp)VadapalaniJSPAndheri(QSP)Andheri(JSP)IRCVillage(JSP)G-Telagana(QSP)G-Telagana(JSP)1Hadapasar(JSP)1Hadapasar(QSP)Ut-Chandigarh(QSP)Ut-Chandigarh(JSP)Wakad(JSP)Wakad(QSP)2Thane(QSP)2Thane(JSP)L-Bhopal(JSP)L-Bhopal(QSP),,,
34,SeleniumExpert,SeleniumTool;CoreJava,15950,15950,edit,delete,QSP-BasavanagudiRajajinagarOAR(QSP)JSpidersRajajinagarVadapalaniQSPChromepetJSPNoida-QSPIRCVillage(QSP)Basavanagudi(J)OAR(JSP)Hebbal(JSP)Hebbal(QSP)Pune(QSP)Pune(JSP)Mysore(JSP)Mysore(QSP)Noida-JSPS-Btm(Jsp)S-Btm(Qsp)ChromepetQSPTelangana(Jsp)Telangana(Qsp)VadapalaniJSPAndheri(QSP)Andheri(JSP)IRCVillage(JSP)G-Telagana(QSP)G-Telagana(JSP)1Hadapasar(JSP)1Hadapasar(QSP)Ut-Chandigarh(QSP)Ut-Chandigarh(JSP)Wakad(JSP)Wakad(QSP)2Thane(QSP)2Thane(JSP)L-Bhopal(JSP)L-Bhopal(QSP),,,
35,SeleniumProject,ProjectSelenium,5900,5900,edit,delete,QSP-BasavanagudiRajajinagarOAR(QSP)JSpidersRajajinagarVadapalaniQSPChromepetJSPNoida-QSPIRCVillage(QSP)Basavanagudi(J)OAR(JSP)Hebbal(JSP)Hebbal(QSP)Pune(QSP)Pune(JSP)Mysore(JSP)Mysore(QSP)Noida-JSPS-Btm(Jsp)S-Btm(Qsp)ChromepetQSPTelangana(Jsp)Telangana(Qsp)VadapalaniJSPAndheri(QSP)Andheri(JSP)IRCVillage(JSP)G-Telagana(QSP)G-Telagana(JSP)1Hadapasar(JSP)1Hadapasar(QSP)Ut-Chandigarh(QSP)Ut-Chandigarh(JSP)Wakad(JSP)Wakad(QSP)2Thane(QSP)2Thane(JSP)L-Bhopal(JSP)L-Bhopal(QSP),,,
36,TechnicalAptitude,TechnicalAptitude;Grooming,500,500,edit,delete,QSP-BasavanagudiRajajinagarOAR(QSP)JSpidersRajajinagarVadapalaniQSPChromepetJSPNoida-QSPIRCVillage(QSP)Basavanagudi(J)OAR(JSP)Hebbal(JSP)Hebbal(QSP)Pune(QSP)Pune(JSP)Mysore(JSP)Mysore(QSP)Noida-JSPS-Btm(Jsp)S-Btm(Qsp)ChromepetQSPTelangana(Jsp)Telangana(Qsp)VadapalaniJSPAndheri(QSP)Andheri(JSP)IRCVillage(JSP)G-Telagana(QSP)G-Telagana(JSP)1Hadapasar(JSP)1Hadapasar(QSP)Ut-Chandigarh(QSP)Ut-Chandigarh(JSP)Wakad(JSP)Wakad(QSP)2Thane(QSP)2Thane(JSP)L-Bhopal(JSP)L-Bhopal(QSP),,,
37,TestinginMobileApplication,ManualMobileApplication;AutomationMobileApplication,10100,10100,edit,delete,QSP-BasavanagudiRajajinagarOAR(QSP)JSpidersRajajinagarVadapalaniQSPChromepetJSPNoida-QSPIRCVillage(QSP)Basavanagudi(J)OAR(JSP)Hebbal(JSP)Hebbal(QSP)Pune(QSP)Pune(JSP)Mysore(JSP)Mysore(QSP)Noida-JSPS-Btm(Jsp)S-Btm(Qsp)ChromepetQSPTelangana(Jsp)Telangana(Qsp)VadapalaniJSPAndheri(QSP)Andheri(JSP)IRCVillage(JSP)G-Telagana(QSP)G-Telagana(JSP)1Hadapasar(JSP)1Hadapasar(QSP)Ut-Chandigarh(QSP)Ut-Chandigarh(JSP)Wakad(JSP)Wakad(QSP)2Thane(QSP)2Thane(JSP)L-Bhopal(JSP)L-Bhopal(QSP),,,
38,UISoap,UISoap,9100,9100,edit,delete,QSP-BasavanagudiRajajinagarOAR(QSP)JSpidersRajajinagarVadapalaniQSPChromepetJSPNoida-QSPIRCVillage(QSP)Basavanagudi(J)OAR(JSP)Hebbal(JSP)Hebbal(QSP)Pune(QSP)Pune(JSP)Mysore(JSP)Mysore(QSP)Noida-JSPS-Btm(Jsp)S-Btm(Qsp)ChromepetQSPTelangana(Jsp)Telangana(Qsp)VadapalaniJSPAndheri(QSP)Andheri(JSP)IRCVillage(JSP)G-Telagana(QSP)G-Telagana(JSP)1Hadapasar(JSP)1Hadapasar(QSP)Ut-Chandigarh(QSP)Ut-Chandigarh(JSP)Wakad(JSP)Wakad(QSP)2Thane(QSP)2Thane(JSP)L-Bhopal(JSP)L-Bhopal(QSP),,,
39,VerbalEnglish,VerbalEnglish,2500,2500,edit,delete,QSP-BasavanagudiRajajinagarOAR(QSP)JSpidersRajajinagarVadapalaniQSPChromepetJSPNoida-QSPIRCVillage(QSP)Basavanagudi(J)OAR(JSP)Hebbal(JSP)Hebbal(QSP)Pune(QSP)Pune(JSP)Mysore(JSP)Mysore(QSP)Noida-JSPS-Btm(Jsp)S-Btm(Qsp)ChromepetQSPTelangana(Jsp)Telangana(Qsp)VadapalaniJSPAndheri(QSP)Andheri(JSP)IRCVillage(JSP)G-Telagana(QSP)G-Telagana(JSP)1Hadapasar(JSP)1Hadapasar(QSP)Ut-Chandigarh(QSP)Ut-Chandigarh(JSP)Wakad(JSP)Wakad(QSP)2Thane(QSP)2Thane(JSP)L-Bhopal(JSP)L-Bhopal(QSP),,,
40,WebService,WebService,750,1250,edit,delete,QSP-BasavanagudiRajajinagarOAR(QSP)JSpidersRajajinagarVadapalaniQSPChromepetJSPNoida-QSPIRCVillage(QSP)Basavanagudi(J)OAR(JSP)Hebbal(JSP)Hebbal(QSP)Pune(QSP)Pune(JSP)Mysore(JSP)Mysore(QSP)Noida-JSPS-Btm(Jsp)S-Btm(Qsp)ChromepetQSPTelangana(Jsp)Telangana(Qsp)VadapalaniJSPAndheri(QSP)Andheri(JSP)IRCVillage(JSP)G-Telagana(QSP)G-Telagana(JSP)1Hadapasar(JSP)1Hadapasar(QSP)Ut-Chandigarh(QSP)Ut-Chandigarh(JSP)Wakad(JSP)Wakad(QSP)2Thane(QSP)2Thane(JSP)L-Bhopal(JSP)L-Bhopal(QSP),,,
41,XamfeesISTQB,ISTQBExam,5000,5000,edit,delete,QSP-BasavanagudiRajajinagarOAR(QSP)JSpidersRajajinagarVadapalaniQSPChromepetJSPNoida-QSPIRCVillage(QSP)Basavanagudi(J)OAR(JSP)Hebbal(JSP)Hebbal(QSP)Pune(QSP)Pune(JSP)Mysore(JSP)Mysore(QSP)Noida-JSPS-Btm(Jsp)S-Btm(Qsp)ChromepetQSPTelangana(Jsp)Telangana(Qsp)VadapalaniJSPAndheri(QSP)Andheri(JSP)IRCVillage(JSP)G-Telagana(QSP)G-Telagana(JSP)1Hadapasar(JSP)1Hadapasar(QSP)Ut-Chandigarh(QSP)Ut-Chandigarh(JSP)Wakad(JSP)Wakad(QSP)2Thane(QSP)2Thane(JSP)L-Bhopal(JSP)L-Bhopal(QSP),,,
42,Yangular.js,Angular.js,6100,1500,edit,delete,QSP-BasavanagudiRajajinagarOAR(QSP)JSpidersRajajinagarVadapalaniQSPChromepetJSPNoida-QSPIRCVillage(QSP)Basavanagudi(J)OAR(JSP)Hebbal(JSP)Hebbal(QSP)Pune(QSP)Pune(JSP)Mysore(JSP)Mysore(QSP)Noida-JSPS-Btm(Jsp)S-Btm(Qsp)ChromepetQSPTelangana(Jsp)Telangana(Qsp)VadapalaniJSPAndheri(QSP)Andheri(JSP)IRCVillage(JSP)G-Telagana(QSP)G-Telagana(JSP)1Hadapasar(JSP)1Hadapasar(QSP)Ut-Chandigarh(QSP)Ut-Chandigarh(JSP)Wakad(JSP)Wakad(QSP)2Thane(QSP)2Thane(JSP)L-Bhopal(JSP)L-Bhopal(QSP),,,
43,Zava,c,c++,CoreJava;++C,C,12000,12000,edit,delete,QSP-BasavanagudiRajajinagarOAR(QSP)JSpidersRajajinagarVadapalaniQSPChromepetJSPNoida-QSPIRCVillage(QSP)Basavanagudi(J)OAR(JSP)Hebbal(JSP)Hebbal(QSP)Pune(QSP)Pune(JSP)Mysore(JSP)Mysore(QSP)Noida-JSPS-Btm(Jsp)S-Btm(Qsp)ChromepetQSPTelangana(Jsp)Telangana(Qsp)VadapalaniJSPAndheri(QSP)Andheri(JSP)IRCVillage(JSP)G-Telagana(QSP)G-Telagana(JSP)1Hadapasar(JSP)1Hadapasar(QSP)Ut-Chandigarh(QSP)Ut-Chandigarh(JSP)Wakad(JSP)Wakad(QSP)2Thane(QSP)2Thane(JSP)L-Bhopal(JSP)L-Bhopal(QSP)
,,,,,,,,,,
----,,,,,,,,,,
